No.,名前,H,A,B,C,D,S,タイプ,,合計,種別,SV内定,未進化
1,フシギダネ,45,49,49,65,65,45,くさ,どく,318,normal,SV,pre-evo
2,フシギソウ,60,62,63,80,80,60,くさ,どく,405,normal,SV,pre-evo
3,メガフシギバナ,80,100,123,122,120,80,くさ,どく,625,mega,,
3,フシギバナ,80,82,83,100,100,80,くさ,どく,525,normal,SV,
4,ヒトカゲ,39,52,43,60,50,65,ほのお,,309,normal,SV,pre-evo
5,リザード,58,64,58,80,65,80,ほのお,,405,normal,SV,pre-evo
6,メガリザードンX,78,130,111,130,85,100,ほのお,ドラゴン,634,mega,,
6,メガリザードンY,78,104,78,159,115,100,ほのお,ひこう,634,mega,,
6,リザードン,78,84,78,109,85,100,ほのお,ひこう,534,normal,SV,
7,ゼニガメ,44,48,65,50,64,43,みず,,314,normal,SV,pre-evo
8,カメール,59,63,80,65,80,58,みず,,405,normal,SV,pre-evo
9,メガカメックス,79,103,120,135,115,78,みず,,630,mega,,
9,カメックス,79,83,100,85,105,78,みず,,530,normal,SV,
15,メガスピアー,65,150,40,15,80,145,むし,どく,495,mega,,
18,メガピジョット,83,80,80,135,80,121,ノーマル,ひこう,579,mega,,
23,アーボ,35,60,44,40,54,55,どく,,288,normal,SV,pre-evo
24,アーボック,60,95,69,65,79,80,どく,,448,normal,SV,
25,ピカチュウ,35,55,40,50,50,90,でんき,,320,normal,SV,pre-evo
26,ライチュウ,60,90,55,90,80,110,でんき,,485,normal,SV,
26,ライチュウ(アローラ),60,85,50,95,85,110,でんき,エスパー,485,normal,SV,
27,サンド,50,75,85,20,30,40,じめん,,300,normal,SV,pre-evo
27,サンド(アローラ),50,75,90,10,35,40,こおり,はがね,300,normal,SV,pre-evo
28,サンドパン,75,100,110,45,55,65,じめん,,450,normal,SV,
28,サンドパン(アローラ),75,100,120,25,65,65,こおり,はがね,450,normal,SV,
35,ピッピ,70,45,48,60,65,35,フェアリー,,323,normal,SV,pre-evo
36,メガピクシー,95,80,93,135,110,70,フェアリー,ひこう,583,mega,,
36,ピクシー,95,70,73,95,90,60,フェアリー,,483,normal,SV,
37,ロコン,38,41,40,50,65,65,ほのお,,299,normal,SV,pre-evo
37,ロコン(アローラ),38,41,40,50,65,65,こおり,,299,normal,SV,pre-evo
38,キュウコン,73,76,75,81,100,100,ほのお,,505,normal,SV,
38,キュウコン(アローラ),73,67,75,81,100,109,こおり,フェアリー,505,normal,SV,
39,プリン,115,45,20,45,25,20,ノーマル,フェアリー,270,normal,SV,pre-evo
40,プクリン,140,70,45,85,50,45,ノーマル,フェアリー,435,normal,SV,
43,ナゾノクサ,45,50,55,75,65,30,くさ,どく,320,normal,SV,pre-evo
44,クサイハナ,60,65,70,85,75,40,くさ,どく,395,normal,SV,pre-evo
45,ラフレシア,75,80,85,110,90,50,くさ,どく,490,normal,SV,
48,コンパン,60,55,50,40,55,45,むし,どく,305,normal,SV,pre-evo
49,モルフォン,70,65,60,90,75,90,むし,どく,450,normal,SV,
50,ディグダ,10,55,25,35,45,95,じめん,,265,normal,SV,pre-evo
50,ディグダ(アローラ),10,55,30,35,45,90,じめん,はがね,265,normal,SV,pre-evo
51,ダグトリオ,35,100,50,50,70,120,じめん,,425,normal,SV,
51,ダグトリオ(アローラ),35,100,60,50,70,110,じめん,はがね,425,normal,SV,
52,ニャース,40,45,35,40,40,90,ノーマル,,290,normal,SV,pre-evo
52,ニャース(アローラ),40,35,35,50,40,90,あく,,290,normal,SV,pre-evo
52,ニャース(ガラル),50,65,55,40,40,40,はがね,,290,normal,SV,pre-evo
53,ペルシアン,65,70,60,65,65,115,ノーマル,,440,normal,SV,
53,ペルシアン(アローラ),65,60,60,75,65,115,あく,,440,normal,SV,
54,コダック,50,52,48,65,50,55,みず,,320,normal,SV,pre-evo
55,ゴルダック,80,82,78,95,80,85,みず,,500,normal,SV,
56,マンキー,40,80,35,35,45,70,かくとう,,305,normal,SV,pre-evo
57,オコリザル,65,105,60,60,70,95,かくとう,,455,normal,SV,pre-evo
58,ガーディ,55,70,45,70,50,60,ほのお,,350,normal,SV,pre-evo
58,ガーディ(ヒスイ),60,75,45,65,50,55,ほのお,いわ,350,normal,SV,pre-evo
59,ウインディ,90,110,80,100,80,95,ほのお,,555,normal,SV,
59,ウインディ(ヒスイ),95,115,80,95,80,90,ほのお,いわ,555,normal,SV,
60,ニョロモ,40,50,40,40,40,90,みず,,300,normal,SV,pre-evo
61,ニョロゾ,65,65,65,50,50,90,みず,,385,normal,SV,pre-evo
62,ニョロボン,90,95,95,70,90,70,みず,かくとう,510,normal,SV,
65,メガフーディン,55,50,65,175,105,150,エスパー,,600,mega,,
69,マダツボミ,50,75,35,70,30,40,くさ,どく,300,normal,SV,pre-evo
70,ウツドン,65,90,50,85,45,55,くさ,どく,390,normal,SV,pre-evo
71,メガウツボット,80,115,60,130,70,95,くさ,どく,550,mega,,
71,ウツボット,80,105,65,100,70,70,くさ,どく,490,normal,SV,
72,メノクラゲ,40,40,35,50,100,70,みず,どく,335,normal,SV,pre-evo
73,ドククラゲ,80,70,65,80,120,100,みず,どく,515,normal,SV,
74,イシツブテ,40,80,100,30,30,20,いわ,じめん,300,normal,SV,pre-evo
74,イシツブテ(アローラ),40,80,100,30,30,20,いわ,でんき,300,normal,SV,pre-evo
75,ゴローン,55,95,115,45,45,35,いわ,じめん,390,normal,SV,pre-evo
75,ゴローン(アローラ),55,95,115,45,45,35,いわ,でんき,390,normal,SV,pre-evo
76,ゴローニャ,80,120,130,55,65,45,いわ,じめん,495,normal,SV,
76,ゴローニャ(アローラ),80,120,130,55,65,45,いわ,でんき,495,normal,SV,
79,ヤドン,90,65,65,40,40,15,みず,エスパー,315,normal,SV,pre-evo
79,ヤドン(ガラル),90,65,65,40,40,15,エスパー,,315,normal,SV,pre-evo
80,メガヤドラン,95,75,180,30,135,30,みず,エスパー,545,mega,,
80,ヤドラン,95,75,110,100,80,30,みず,エスパー,490,normal,SV,
80,ヤドラン(ガラル),95,100,95,100,70,30,どく,エスパー,490,normal,SV,
81,コイル,25,35,70,95,55,45,でんき,はがね,325,normal,SV,pre-evo
82,レアコイル,50,60,95,120,70,70,でんき,はがね,465,normal,SV,pre-evo
84,ドードー,35,85,45,35,35,75,ノーマル,ひこう,310,normal,SV,pre-evo
85,ドードリオ,60,110,70,60,60,110,ノーマル,ひこう,470,normal,SV,
86,パウワウ,65,45,55,45,70,45,みず,,325,normal,SV,pre-evo
87,ジュゴン,90,70,80,70,95,70,みず,こおり,475,normal,SV,
88,ベトベター,80,80,50,40,50,25,どく,,325,normal,SV,pre-evo
88,ベトベター(アローラ),80,80,50,40,50,25,どく,あく,325,normal,SV,pre-evo
89,ベトベトン,105,105,75,65,100,50,どく,,500,normal,SV,
89,ベトベトン(アローラ),105,105,75,65,100,50,どく,あく,500,normal,SV,
90,シェルダー,30,65,100,45,25,40,みず,,305,normal,SV,pre-evo
91,メガパルシェン,50,105,200,85,45,80,みず,こおり,565,mega,,
91,パルシェン,50,95,180,85,45,70,みず,こおり,525,normal,SV,
92,ゴース,30,35,30,100,35,80,ゴースト,どく,310,normal,SV,pre-evo
93,ゴースト,45,50,45,115,55,95,ゴースト,どく,405,normal,SV,pre-evo
94,メガゲンガー,60,65,80,170,95,130,ゴースト,どく,600,mega,,
94,ゲンガー,60,65,60,130,75,110,ゴースト,どく,500,normal,SV,
96,スリープ,60,48,45,43,90,42,エスパー,,328,normal,SV,pre-evo
97,スリーパー,85,73,70,73,115,67,エスパー,,483,normal,SV,
100,ビリリダマ,40,30,50,55,55,100,でんき,,330,normal,SV,pre-evo
100,ビリリダマ(ヒスイ),40,30,50,55,55,100,でんき,くさ,330,normal,SV,pre-evo
101,マルマイン,60,50,70,80,80,150,でんき,,490,normal,SV,
101,マルマイン(ヒスイ),60,50,70,80,80,150,でんき,くさ,490,normal,SV,
102,タマタマ,60,40,80,60,45,40,くさ,エスパー,325,normal,SV,pre-evo
103,ナッシー,95,95,85,125,75,55,くさ,エスパー,530,normal,SV,
103,ナッシー(アローラ),95,105,85,125,75,45,くさ,ドラゴン,530,normal,SV,
106,サワムラー,50,120,53,35,110,87,かくとう,,455,normal,SV,
107,エビワラー,50,105,79,35,110,76,かくとう,,455,normal,SV,
109,ドガース,40,65,95,60,45,35,どく,,340,normal,SV,pre-evo
110,マタドガス,65,90,120,85,70,60,どく,,490,normal,SV,
110,マタドガス(ガラル),65,90,120,85,70,60,どく,フェアリー,490,normal,SV,
111,サイホーン,80,85,95,30,30,25,じめん,いわ,345,normal,SV,pre-evo
112,サイドン,105,130,120,45,45,40,じめん,いわ,485,normal,SV,pre-evo
113,ラッキー,250,5,5,35,105,50,ノーマル,,450,normal,SV,
115,メガガルーラ,105,125,100,60,100,100,ノーマル,,590,mega,,
116,タッツー,30,40,70,70,25,60,みず,,295,normal,SV,pre-evo
117,シードラ,55,65,95,95,45,85,みず,,440,normal,SV,pre-evo
121,メガスターミー,60,75,85,130,110,115,みず,エスパー,575,mega,,
122,メガバリヤード,40,45,65,120,120,90,エスパー,フェアリー,480,mega,,
123,ストライク,70,110,80,55,80,105,むし,ひこう,500,normal,SV,pre-evo
124,メガルージュラ,65,50,35,135,95,95,こおり,エスパー,475,mega,,
125,エレブー,65,83,57,95,85,105,でんき,,490,normal,SV,pre-evo
126,ブーバー,65,95,57,100,85,93,ほのお,,495,normal,SV,pre-evo
127,メガカイロス,65,155,120,65,90,105,むし,ひこう,600,mega,,
128,ケンタロス,75,100,95,40,70,110,ノーマル,,490,normal,SV,
128,ケンタロス(パルデア単),75,110,105,30,70,100,かくとう,,490,normal,SV,
128,ケンタロス(パルデア炎),75,110,105,30,70,100,かくとう,ほのお,490,normal,SV,
128,ケンタロス(パルデア水),75,110,105,30,70,100,かくとう,みず,490,normal,SV,
129,コイキング,20,10,55,15,20,80,みず,,200,normal,SV,pre-evo
130,メガギャラドス,95,155,109,70,130,81,みず,あく,640,mega,,
130,ギャラドス,95,125,79,60,100,81,みず,ひこう,540,normal,SV,
131,ラプラス,130,85,80,85,95,60,みず,こおり,535,normal,SV,
132,メタモン,48,48,48,48,48,48,ノーマル,,288,normal,SV,
133,イーブイ,55,55,50,45,65,55,ノーマル,,325,normal,SV,pre-evo
134,シャワーズ,130,65,60,110,95,65,みず,,525,normal,SV,
135,サンダース,65,65,60,110,95,130,でんき,,525,normal,SV,
136,ブースター,65,130,60,95,110,65,ほのお,,525,normal,SV,
137,ポリゴン,65,60,70,85,75,40,ノーマル,,395,normal,SV,pre-evo
142,メガプテラ,80,135,85,70,95,150,いわ,ひこう,615,mega,,
143,カビゴン,160,110,65,65,110,30,ノーマル,,540,normal,SV,
144,フリーザー,90,85,100,95,125,85,こおり,ひこう,580,semi-legend,SV,
144,フリーザー(ガラル),90,85,85,125,100,95,エスパー,ひこう,580,semi-legend,SV,
145,サンダー,90,90,85,125,90,100,でんき,ひこう,580,semi-legend,SV,
145,サンダー(ガラル),90,125,90,85,90,100,かくとう,ひこう,580,semi-legend,SV,
146,ファイヤー,90,100,90,125,85,90,ほのお,ひこう,580,semi-legend,SV,
146,ファイヤー(ガラル),90,85,90,100,125,90,あく,ひこう,580,semi-legend,SV,
147,ミニリュウ,41,64,45,50,50,50,ドラゴン,,300,normal,SV,pre-evo
148,ハクリュー,61,84,65,70,70,70,ドラゴン,,420,normal,SV,pre-evo
149,メガカイリュー,167,129,136,216,145,152,ドラゴン,ひこう,945,mega,,
149,カイリュー,91,134,95,100,100,80,ドラゴン,ひこう,600,normal,SV,
150,ミュウツー,106,110,90,154,90,130,エスパー,,680,legend,SV,
150,メガミュウツーX,106,190,100,154,100,130,エスパー,かくとう,780,mega,,
150,メガミュウツーY,106,150,70,194,120,140,エスパー,,780,mega,,
151,ミュウ,100,100,100,100,100,100,エスパー,,600,mythical,SV,
152,チコリータ,45,49,65,49,65,45,くさ,,318,normal,SV,pre-evo
153,ベイリーフ,60,62,80,63,80,60,くさ,,405,normal,SV,pre-evo
154,メガメガニウム,80,92,115,143,115,80,くさ,フェアリー,625,mega,,
154,メガニウム,80,82,100,83,100,80,くさ,,525,normal,SV,
155,ヒノアラシ,39,52,43,60,50,65,ほのお,,309,normal,SV,pre-evo
156,マグマラシ,58,64,58,80,65,80,ほのお,,405,normal,SV,pre-evo
157,メガバクフーン,78,84,78,155,110,95,ほのお,,600,mega,,
157,バクフーン,78,84,78,109,85,100,ほのお,,534,normal,SV,
157,バクフーン(ヒスイ),73,84,78,119,85,95,ほのお,ゴースト,534,normal,SV,
158,ワニノコ,50,65,64,44,48,43,みず,,314,normal,SV,pre-evo
159,アリゲイツ,65,80,80,59,63,58,みず,,405,normal,SV,pre-evo
160,メガオーダイル,85,160,125,89,93,78,みず,ドラゴン,630,mega,,
160,オーダイル,85,105,100,79,83,78,みず,,530,normal,SV,
161,オタチ,35,46,34,35,45,20,ノーマル,,215,normal,SV,pre-evo
162,オオタチ,85,76,64,45,55,90,ノーマル,,415,normal,SV,
163,ホーホー,60,30,30,36,56,50,ノーマル,ひこう,262,normal,SV,pre-evo
164,ヨルノズク,100,50,50,86,96,70,ノーマル,ひこう,452,normal,SV,
167,イトマル,40,60,40,40,40,30,むし,どく,250,normal,SV,pre-evo
168,アリアドス,70,90,70,60,70,40,むし,どく,400,normal,SV,
170,チョンチー,75,38,38,56,56,67,みず,でんき,330,normal,SV,pre-evo
171,ランターン,125,58,58,76,76,67,みず,でんき,460,normal,SV,
172,ピチュー,20,40,15,35,35,60,でんき,,205,normal,SV,pre-evo
173,ピィ,50,25,28,45,55,15,フェアリー,,218,normal,SV,pre-evo
174,ププリン,90,30,15,40,20,15,ノーマル,フェアリー,210,normal,SV,pre-evo
179,メリープ,55,40,40,65,45,35,でんき,,280,normal,SV,pre-evo
180,モココ,70,55,55,80,60,45,でんき,,365,normal,SV,pre-evo
181,メガデンリュウ,90,95,105,165,110,45,でんき,ドラゴン,610,mega,,
181,デンリュウ,90,75,85,115,90,55,でんき,,510,normal,SV,
182,キレイハナ,75,80,95,90,100,50,くさ,,490,normal,SV,
183,マリル,70,20,50,20,50,40,みず,フェアリー,250,normal,SV,pre-evo
184,マリルリ,100,50,80,60,80,50,みず,フェアリー,420,normal,SV,
185,メガウソッキー,70,115,130,30,65,30,いわ,,440,mega,,
185,ウソッキー,70,100,115,30,65,30,いわ,,410,normal,SV,
186,メガニョロトノ,90,75,75,110,110,70,みず,,530,mega,,
186,ニョロトノ,90,75,75,90,100,70,みず,,500,normal,SV,
187,ハネッコ,35,35,40,35,55,50,くさ,ひこう,250,normal,SV,pre-evo
188,ポポッコ,55,45,50,45,65,80,くさ,ひこう,340,normal,SV,pre-evo
189,ワタッコ,75,55,70,55,95,110,くさ,ひこう,460,normal,SV,
190,エイパム,55,70,55,40,55,85,ノーマル,,360,normal,SV,pre-evo
191,ヒマナッツ,30,30,30,30,30,30,くさ,,180,normal,SV,pre-evo
192,キマワリ,75,75,55,105,85,30,くさ,,425,normal,SV,
193,ヤンヤンマ,65,65,45,75,45,95,むし,ひこう,390,normal,SV,pre-evo
194,ウパー,55,45,45,25,25,15,みず,じめん,210,normal,SV,pre-evo
194,ウパー(パルデア),55,45,45,25,25,15,どく,じめん,210,normal,SV,pre-evo
195,ヌオー,95,85,85,65,65,35,みず,じめん,430,normal,SV,
196,エーフィ,65,65,60,130,95,110,エスパー,,525,normal,SV,
197,ブラッキー,95,65,110,60,130,65,あく,,525,normal,SV,
198,ヤミカラス,60,85,42,85,42,91,あく,ひこう,405,normal,SV,pre-evo
199,ヤドキング,95,75,80,100,110,30,みず,エスパー,490,normal,SV,
199,ヤドキング(ガラル),95,65,80,110,110,30,どく,エスパー,490,normal,SV,
200,ムウマ,60,60,60,85,85,85,ゴースト,,435,normal,SV,pre-evo
203,キリンリキ,70,80,65,90,65,85,ノーマル,エスパー,455,normal,SV,pre-evo
204,クヌギダマ,50,65,90,35,35,15,むし,,290,normal,SV,pre-evo
205,フォレトス,75,90,140,60,60,40,むし,はがね,465,normal,SV,
206,ノコッチ,100,70,70,65,65,45,ノーマル,,415,normal,SV,pre-evo
207,グライガー,65,75,105,35,65,85,じめん,ひこう,430,normal,SV,pre-evo
208,メガハガネール,75,125,230,55,95,30,はがね,じめん,610,mega,,
209,ブルー,60,80,50,40,40,30,フェアリー,,300,normal,SV,pre-evo
210,グランブル,90,120,75,60,60,45,フェアリー,,450,normal,SV,
211,ハリーセン,65,95,85,55,55,85,みず,どく,440,normal,SV,
211,ハリーセン(ヒスイ),65,95,85,55,55,85,あく,どく,440,normal,SV,pre-evo
212,メガハッサム,70,150,140,65,100,75,むし,はがね,600,mega,,
212,ハッサム,70,130,100,55,80,65,むし,はがね,500,normal,SV,
214,メガヘラクロス,80,185,115,40,105,75,むし,かくとう,600,mega,,
214,ヘラクロス,80,125,75,40,95,85,むし,かくとう,500,normal,SV,
215,ニューラ,55,95,55,35,75,115,あく,こおり,430,normal,SV,pre-evo
215,ニューラ(ヒスイ),55,95,55,35,75,115,かくとう,どく,430,normal,SV,pre-evo
216,ヒメグマ,60,80,50,50,50,40,ノーマル,,330,normal,SV,pre-evo
217,リングマ,90,130,75,75,75,55,ノーマル,,500,normal,SV,pre-evo
218,マグマッグ,40,40,40,70,40,20,ほのお,,250,normal,SV,pre-evo
219,マグカルゴ,60,50,120,90,80,30,ほのお,いわ,430,normal,SV,
220,ウリムー,50,50,40,30,30,50,こおり,じめん,250,normal,SV,pre-evo
221,イノムー,100,100,80,60,60,50,こおり,じめん,450,normal,SV,pre-evo
225,デリバード,45,55,45,65,45,75,こおり,ひこう,330,normal,SV,
227,エアームド,65,80,140,40,70,70,はがね,ひこう,465,normal,SV,
228,デルビル,45,60,30,80,50,65,あく,ほのお,330,normal,SV,pre-evo
229,メガヘルガー,75,90,90,140,90,115,あく,ほのお,600,mega,,
229,ヘルガー,75,90,50,110,80,95,あく,ほのお,500,normal,SV,
230,メガキングドラ,75,95,110,120,110,85,みず,ドラゴン,595,mega,,
230,キングドラ,75,95,95,95,95,85,みず,ドラゴン,540,normal,SV,
231,ゴマゾウ,90,60,60,40,40,40,じめん,,330,normal,SV,pre-evo
232,メガドンファン,90,130,130,55,65,35,じめん,,505,mega,,
232,ドンファン,90,120,120,60,60,50,じめん,,500,normal,SV,
233,ポリゴン2,85,80,90,105,95,60,ノーマル,,515,normal,SV,pre-evo
234,オドシシ,73,95,62,85,65,85,ノーマル,,465,normal,SV,pre-evo
235,ドーブル,55,20,35,20,45,75,ノーマル,,250,normal,SV,
236,バルキー,35,35,35,35,35,35,かくとう,,210,normal,SV,pre-evo
237,カポエラー,50,95,95,35,110,70,かくとう,,455,normal,SV,
239,エレキッド,45,63,37,65,55,95,でんき,,360,normal,SV,pre-evo
240,ブビィ,45,75,37,70,55,83,ほのお,,365,normal,SV,pre-evo
242,ハピナス,255,10,10,75,135,55,ノーマル,,540,normal,SV,
243,ライコウ,90,85,75,115,100,115,でんき,,580,semi-legend,SV,
244,エンテイ,115,115,85,90,75,100,ほのお,,580,semi-legend,SV,
245,スイクン,100,75,115,90,115,85,みず,,580,semi-legend,SV,
246,ヨーギラス,50,64,50,45,50,41,いわ,じめん,300,normal,SV,pre-evo
247,サナギラス,70,84,70,65,70,51,いわ,じめん,410,normal,SV,pre-evo
248,メガバンギラス,100,164,150,95,120,71,いわ,あく,700,mega,,
248,バンギラス,100,134,110,95,100,61,いわ,あく,600,normal,SV,
249,ルギア,106,90,130,90,154,110,エスパー,ひこう,680,legend,SV,
250,ホウオウ,106,130,90,110,154,90,ほのお,ひこう,680,legend,SV,
252,キモリ,40,45,35,65,55,70,くさ,,310,normal,SV,pre-evo
253,ジュプトル,50,65,45,85,65,95,くさ,,405,normal,SV,pre-evo
254,メガジュカイン,70,110,75,145,85,145,くさ,ドラゴン,630,mega,,
254,ジュカイン,70,85,65,105,85,120,くさ,,530,normal,SV,
255,アチャモ,45,60,40,70,50,45,ほのお,,310,normal,SV,pre-evo
256,ワカシャモ,60,85,60,85,60,55,ほのお,かくとう,405,normal,SV,pre-evo
257,メガバシャーモ,80,160,80,130,80,100,ほのお,かくとう,630,mega,,
257,バシャーモ,80,120,70,110,70,80,ほのお,かくとう,530,normal,SV,
258,ミズゴロウ,50,70,50,50,50,40,みず,,310,normal,SV,pre-evo
259,ヌマクロー,70,85,70,60,70,50,みず,じめん,405,normal,SV,pre-evo
260,メガラグラージ,100,150,110,95,110,70,みず,じめん,635,mega,,
260,ラグラージ,100,110,90,85,90,60,みず,じめん,535,normal,SV,
261,ポチエナ,35,55,35,30,30,35,あく,,220,normal,SV,pre-evo
262,グラエナ,70,90,70,60,60,70,あく,,420,normal,SV,
270,ハスボー,40,30,30,40,50,30,みず,くさ,220,normal,SV,pre-evo
271,ハスブレロ,60,50,50,60,70,50,みず,くさ,340,normal,SV,pre-evo
272,ルンパッパ,80,70,70,90,100,70,みず,くさ,480,normal,SV,
273,タネボー,40,40,50,30,30,30,くさ,,220,normal,SV,pre-evo
274,コノハナ,70,70,40,60,40,60,くさ,あく,340,normal,SV,pre-evo
275,ダーテング,90,100,60,90,60,80,くさ,あく,480,normal,SV,
278,キャモメ,40,30,30,55,30,85,みず,ひこう,270,normal,SV,pre-evo
279,ペリッパー,60,50,100,95,70,65,みず,ひこう,440,normal,SV,
280,ラルトス,28,25,25,45,35,40,エスパー,フェアリー,198,normal,SV,pre-evo
281,キルリア,38,35,35,65,55,50,エスパー,フェアリー,278,normal,SV,pre-evo
282,メガサーナイト,68,85,65,165,135,100,エスパー,フェアリー,618,mega,,
282,サーナイト,68,65,65,125,115,80,エスパー,フェアリー,518,normal,SV,
283,アメタマ,40,30,32,50,52,65,むし,みず,269,normal,SV,pre-evo
284,アメモース,70,60,62,100,82,80,むし,ひこう,454,normal,SV,
285,キノココ,60,40,60,40,60,35,くさ,,295,normal,SV,pre-evo
286,キノガッサ,60,130,80,60,60,70,くさ,かくとう,460,normal,SV,
287,ナマケロ,60,60,60,35,35,30,ノーマル,,280,normal,SV,pre-evo
288,ヤルキモノ,80,80,80,55,55,90,ノーマル,,440,normal,SV,pre-evo
289,ケッキング,150,160,100,95,65,100,ノーマル,,670,normal,SV,
296,マクノシタ,72,60,30,20,30,25,かくとう,,237,normal,SV,pre-evo
297,ハリテヤマ,144,120,60,40,60,50,かくとう,,474,normal,SV,
298,ルリリ,50,20,40,20,40,20,ノーマル,フェアリー,190,normal,SV,pre-evo
299,ノズパス,30,45,135,45,90,30,いわ,,375,normal,SV,pre-evo
302,メガヤミラミ,50,85,125,85,115,20,あく,ゴースト,480,mega,,
302,ヤミラミ,50,75,75,65,65,50,あく,ゴースト,380,normal,SV,
303,メガクチート,50,105,125,55,95,50,はがね,フェアリー,480,mega,,
306,メガボスゴドラ,70,140,230,60,80,50,はがね,,630,mega,,
307,アサナン,30,40,55,40,55,60,かくとう,エスパー,280,normal,SV,pre-evo
308,メガチャーレム,60,100,85,80,85,100,かくとう,エスパー,510,mega,,
308,チャーレム,60,60,75,60,75,80,かくとう,エスパー,410,normal,SV,
310,メガライボルト,70,75,80,135,80,135,でんき,,575,mega,,
311,プラスル,60,50,40,85,75,95,でんき,,405,normal,SV,
312,マイナン,60,40,50,75,85,95,でんき,,405,normal,SV,
313,バルビート,65,73,75,47,85,85,むし,,430,normal,SV,
314,イルミーゼ,65,47,75,73,85,85,むし,,430,normal,SV,
316,ゴクリン,70,43,53,43,53,40,どく,,302,normal,SV,pre-evo
317,マルノーム,100,73,83,73,83,55,どく,,467,normal,SV,
319,メガサメハダー,70,140,70,110,65,105,みず,あく,560,mega,,
322,ドンメル,60,60,40,65,45,35,ほのお,じめん,305,normal,SV,pre-evo
323,メガバクーダ,70,120,100,145,105,20,ほのお,じめん,560,mega,,
323,バクーダ,70,100,70,105,75,40,ほのお,じめん,460,normal,SV,
324,コータス,70,85,140,85,70,20,ほのお,,470,normal,SV,
325,バネブー,60,25,35,70,80,60,エスパー,,330,normal,SV,pre-evo
326,ブーピッグ,80,45,65,90,110,80,エスパー,,470,normal,SV,
328,ナックラー,45,100,45,45,45,10,じめん,,290,normal,SV,pre-evo
329,ビブラーバ,50,70,50,50,50,70,じめん,ドラゴン,340,normal,SV,pre-evo
330,フライゴン,80,100,80,80,80,100,じめん,ドラゴン,520,normal,SV,
331,サボネア,50,85,40,85,40,35,くさ,,335,normal,SV,pre-evo
332,ノクタス,70,115,60,115,60,55,くさ,あく,475,normal,SV,
333,チルット,45,40,60,40,75,50,ノーマル,ひこう,310,normal,SV,pre-evo
334,メガチルタリス,75,110,110,110,105,80,ドラゴン,フェアリー,590,mega,,
334,チルタリス,75,70,90,70,105,80,ドラゴン,ひこう,490,normal,SV,
335,ザングース,73,115,60,60,60,90,ノーマル,,458,normal,SV,
336,ハブネーク,73,100,60,100,60,65,どく,,458,normal,SV,
339,ドジョッチ,50,48,43,46,41,60,みず,じめん,288,normal,SV,pre-evo
340,ナマズン,110,78,73,76,71,60,みず,じめん,468,normal,SV,
341,ヘイガニ,43,80,65,50,35,35,みず,,308,normal,SV,pre-evo
342,シザリガー,63,120,85,90,55,55,みず,あく,468,normal,SV,
349,ヒンバス,20,15,20,10,55,80,みず,,200,normal,SV,pre-evo
350,ミロカロス,95,60,79,100,125,81,みず,,540,normal,SV,
353,カゲボウズ,44,75,35,63,33,45,ゴースト,,295,normal,SV,pre-evo
354,メガジュペッタ,64,165,75,93,83,75,ゴースト,,555,mega,,
354,ジュペッタ,64,115,65,83,63,65,ゴースト,,455,normal,SV,
355,ヨマワル,20,40,90,30,90,25,ゴースト,,295,normal,SV,pre-evo
356,サマヨール,40,70,130,60,130,25,ゴースト,,455,normal,SV,pre-evo
357,トロピウス,99,68,83,72,87,51,くさ,ひこう,460,normal,SV,
358,チリーン,75,50,80,95,90,65,エスパー,,455,normal,SV,
359,メガアブソル,65,150,60,115,60,115,あく,,565,mega,,
361,ユキワラシ,50,50,50,50,50,50,こおり,,300,normal,SV,pre-evo
362,メガオニゴーリ,80,120,80,120,80,100,こおり,,580,mega,,
362,オニゴーリ,80,80,80,80,80,80,こおり,,480,normal,SV,
370,ラブカス,43,30,55,40,65,97,みず,,330,normal,SV,
371,タツベイ,45,75,60,40,30,50,ドラゴン,,300,normal,SV,pre-evo
372,コモルー,65,95,100,60,50,50,ドラゴン,,420,normal,SV,pre-evo
373,メガボーマンダ,95,145,130,120,90,120,ドラゴン,ひこう,700,mega,,
373,ボーマンダ,95,135,80,110,80,100,ドラゴン,ひこう,600,normal,SV,
374,ダンバル,40,55,80,35,60,30,はがね,エスパー,300,normal,SV,pre-evo
375,メタング,60,75,100,55,80,50,はがね,エスパー,420,normal,SV,pre-evo
376,メタグロス,80,135,130,95,90,70,はがね,エスパー,600,normal,SV,
377,レジロック,80,100,200,50,100,50,いわ,,580,semi-legend,SV,
378,レジアイス,80,50,100,100,200,50,こおり,,580,semi-legend,SV,
379,レジスチル,80,75,150,75,150,50,はがね,,580,semi-legend,SV,
380,メガラティアス,80,100,120,140,150,110,ドラゴン,エスパー,700,mega,,
380,ラティアス,80,80,90,110,130,110,ドラゴン,エスパー,600,semi-legend,SV,
381,メガラティオス,80,130,100,160,120,110,ドラゴン,エスパー,700,mega,,
381,ラティオス,80,90,80,130,110,110,ドラゴン,エスパー,600,semi-legend,SV,
382,カイオーガ,100,100,90,150,140,90,みず,,670,legend,SV,
383,グラードン,100,150,140,100,90,90,じめん,,670,legend,SV,
384,レックウザ,105,150,90,150,90,95,ドラゴン,ひこう,680,legend,SV,
384,メガレックウザ,105,180,100,180,100,115,ドラゴン,ひこう,780,mega,,
385,ジラーチ,100,100,100,100,100,100,はがね,エスパー,600,mythical,SV,
386,デオキシス(ノーマルフォルム),50,150,50,150,50,150,エスパー,,600,mythical,SV,
386,デオキシス(アタックフォルム),50,180,20,180,20,150,エスパー,,600,mythical,SV,
386,デオキシス(ディフェンスフォルム),50,70,160,70,160,90,エスパー,,600,mythical,SV,
386,デオキシス(スピードフォルム),50,95,90,95,90,180,エスパー,,600,mythical,SV,
387,ナエトル,55,68,64,45,55,31,くさ,,318,normal,SV,pre-evo
388,ハヤシガメ,75,89,85,55,65,36,くさ,,405,normal,SV,pre-evo
389,ドダイトス,95,109,105,75,85,56,くさ,じめん,525,normal,SV,
390,ヒコザル,44,58,44,58,44,61,ほのお,,309,normal,SV,pre-evo
391,モウカザル,64,78,52,78,52,81,ほのお,かくとう,405,normal,SV,pre-evo
392,ゴウカザル,76,104,71,104,71,108,ほのお,かくとう,534,normal,SV,
393,ポッチャマ,53,51,53,61,56,40,みず,,314,normal,SV,pre-evo
394,ポッタイシ,64,66,68,81,76,50,みず,,405,normal,SV,pre-evo
395,エンペルト,84,86,88,111,101,60,みず,はがね,530,normal,SV,
396,ムックル,40,55,30,30,30,60,ノーマル,ひこう,245,normal,SV,pre-evo
397,ムクバード,55,75,50,40,40,80,ノーマル,ひこう,340,normal,SV,pre-evo
398,ムクホーク,85,120,70,50,60,100,ノーマル,ひこう,485,normal,SV,
401,コロボーシ,37,25,41,25,41,25,むし,,194,normal,SV,pre-evo
402,コロトック,77,85,51,55,51,65,むし,,384,normal,SV,
403,コリンク,45,65,34,40,34,45,でんき,,263,normal,SV,pre-evo
404,ルクシオ,60,85,49,60,49,60,でんき,,363,normal,SV,pre-evo
405,レントラー,80,120,79,95,79,70,でんき,,523,normal,SV,
408,ズガイドス,67,125,40,30,30,58,いわ,,350,normal,SV,pre-evo
409,ラムパルド,97,165,60,65,50,58,いわ,,495,normal,SV,
410,タテトプス,30,42,118,42,88,30,いわ,はがね,350,normal,SV,pre-evo
411,トリデプス,60,52,168,47,138,30,いわ,はがね,495,normal,SV,
415,ミツハニー,30,30,42,30,42,70,むし,ひこう,244,normal,SV,pre-evo
416,ビークイン,70,80,102,80,102,40,むし,ひこう,474,normal,SV,
417,パチリス,60,45,70,45,90,95,でんき,,405,normal,SV,
418,ブイゼル,55,65,35,60,30,85,みず,,330,normal,SV,pre-evo
419,フローゼル,85,105,55,85,50,115,みず,,495,normal,SV,
422,カラナクシ,76,48,48,57,62,34,みず,,325,normal,SV,pre-evo
423,トリトドン,111,83,68,92,82,39,みず,じめん,475,normal,SV,
424,エテボース,75,100,66,60,66,115,ノーマル,,482,normal,SV,
425,フワンテ,90,50,34,60,44,70,ゴースト,ひこう,348,normal,SV,pre-evo
426,フワライド,150,80,44,90,54,80,ゴースト,ひこう,498,normal,SV,
428,メガミミロップ,65,136,94,54,96,135,ノーマル,かくとう,580,mega,,
429,ムウマージ,60,60,60,105,105,105,ゴースト,,495,normal,SV,
430,ドンカラス,100,125,52,105,52,71,あく,ひこう,505,normal,SV,
433,リーシャン,45,30,50,65,50,45,エスパー,,285,normal,SV,pre-evo
434,スカンプー,63,63,47,41,41,74,どく,あく,329,normal,SV,pre-evo
435,スカタンク,103,93,67,71,61,84,どく,あく,479,normal,SV,
436,ドーミラー,57,24,86,24,86,23,はがね,エスパー,300,normal,SV,pre-evo
437,ドータクン,67,89,116,79,116,33,はがね,エスパー,500,normal,SV,
438,ウソハチ,50,80,95,10,45,10,いわ,,290,normal,SV,pre-evo
440,ピンプク,100,5,5,15,65,30,ノーマル,,220,normal,SV,pre-evo
442,ミカルゲ,50,92,108,92,108,35,ゴースト,あく,485,normal,SV,
443,フカマル,58,70,45,40,45,42,ドラゴン,じめん,300,normal,SV,pre-evo
444,ガバイト,68,90,65,50,55,82,ドラゴン,じめん,410,normal,SV,pre-evo
445,メガガブリアス,108,170,115,120,95,92,ドラゴン,じめん,700,mega,,
445,ガブリアス,108,130,95,80,85,102,ドラゴン,じめん,600,normal,SV,
446,ゴンベ,135,85,40,40,85,5,ノーマル,,390,normal,SV,pre-evo
447,リオル,40,70,40,35,40,60,かくとう,,285,normal,SV,pre-evo
448,メガルカリオ,147,197,108,144,90,180,かくとう,はがね,866,mega,,
448,ルカリオ,70,110,70,115,70,90,かくとう,はがね,525,normal,SV,
449,ヒポポタス,68,72,78,38,42,32,じめん,,330,normal,SV,pre-evo
450,カバルドン,108,112,118,68,72,47,じめん,,525,normal,SV,
453,グレッグル,48,61,40,61,40,50,どく,かくとう,300,normal,SV,pre-evo
454,ドクロッグ,83,106,65,86,65,85,どく,かくとう,490,normal,SV,
456,ケイコウオ,49,49,56,49,61,66,みず,,330,normal,SV,pre-evo
457,ネオラント,69,69,76,69,86,91,みず,,460,normal,SV,
459,ユキカブリ,60,62,50,62,60,40,くさ,こおり,334,normal,SV,pre-evo
460,メガユキノオー,90,132,105,132,105,30,くさ,こおり,594,mega,,
460,ユキノオー,90,92,75,92,85,60,くさ,こおり,494,normal,SV,
461,マニューラ,70,120,65,45,85,125,あく,こおり,510,normal,SV,
462,ジバコイル,70,70,115,130,90,60,でんき,はがね,535,normal,SV,
464,ドサイドン,115,140,130,55,55,40,じめん,いわ,535,normal,SV,
466,エレキブル,75,123,67,95,85,95,でんき,,540,normal,SV,
467,ブーバーン,75,95,67,125,95,83,ほのお,,540,normal,SV,
468,メガトゲキッス,85,60,95,145,130,85,フェアリー,ひこう,600,mega,,
469,メガヤンマ,86,76,86,116,56,95,むし,ひこう,515,normal,SV,
470,リーフィア,65,110,130,60,65,95,くさ,,525,normal,SV,
471,グレイシア,65,60,110,130,95,65,こおり,,525,normal,SV,
472,グライオン,75,95,125,45,75,95,じめん,ひこう,510,normal,SV,
473,マンムー,110,130,80,70,60,80,こおり,じめん,530,normal,SV,
474,ポリゴンZ,85,80,70,135,75,90,ノーマル,,535,normal,SV,
475,メガエルレイド,68,165,95,65,115,110,エスパー,かくとう,618,mega,,
475,エルレイド,68,125,65,65,115,80,エスパー,かくとう,518,normal,SV,
476,ダイノーズ,60,55,145,75,150,40,いわ,はがね,525,normal,SV,
477,ヨノワール,45,100,135,65,135,45,ゴースト,,525,normal,SV,
478,メガユキメノコ,70,80,70,140,100,120,こおり,ゴースト,580,mega,,
478,ユキメノコ,70,80,70,80,70,110,こおり,ゴースト,480,normal,SV,
479,ロトム,50,50,77,95,77,91,でんき,ゴースト,440,normal,SV,
479,ヒートロトム,50,65,107,105,107,86,でんき,ほのお,520,normal,SV,
479,ウォッシュロトム,50,65,107,105,107,86,でんき,みず,520,normal,SV,
479,フロストロトム,50,65,107,105,107,86,でんき,こおり,520,normal,SV,
479,スピンロトム,50,65,107,105,107,86,でんき,ひこう,520,normal,SV,
479,カットロトム,50,65,107,105,107,86,でんき,くさ,520,normal,SV,
480,ユクシー,75,75,130,75,130,95,エスパー,,580,semi-legend,SV,
481,エムリット,80,105,105,105,105,80,エスパー,,580,semi-legend,SV,
482,アグノム,75,125,70,125,70,115,エスパー,,580,semi-legend,SV,
483,ディアルガ,100,120,120,150,100,90,はがね,ドラゴン,680,legend,SV,
483,ディアルガ(オリジンフォルム),100,100,120,150,120,90,はがね,ドラゴン,680,legend,SV,
484,パルキア,90,120,100,150,120,100,みず,ドラゴン,680,legend,SV,
484,パルキア(オリジンフォルム),90,100,100,150,120,120,みず,ドラゴン,680,legend,SV,
485,ヒードラン,91,90,106,130,106,77,ほのお,はがね,600,semi-legend,SV,
486,レジギガス,110,160,110,80,110,100,ノーマル,,670,semi-legend,SV,
487,ギラティナ(アナザーフォルム),150,100,120,100,120,90,ゴースト,ドラゴン,680,legend,SV,
487,ギラティナ(オリジンフォルム),150,120,100,120,100,90,ゴースト,ドラゴン,680,legend,SV,
488,クレセリア,120,70,110,75,120,85,エスパー,,580,semi-legend,SV,
489,フィオネ,80,80,80,80,80,80,みず,,480,mythical,SV,
490,マナフィ,100,100,100,100,100,100,みず,,600,mythical,SV,
491,ダークライ,70,90,90,135,90,125,あく,,600,mythical,SV,
492,シェイミ(ランドフォルム),100,100,100,100,100,100,くさ,,600,mythical,SV,
492,シェイミ(スカイフォルム),100,103,75,120,75,127,くさ,ひこう,600,mythical,SV,
493,アルセウス,120,120,120,120,120,120,ノーマル,,720,mythical,SV,
495,ツタージャ,45,45,55,45,55,63,くさ,,308,normal,SV,pre-evo
496,ジャノビー,60,60,75,60,75,83,くさ,,413,normal,SV,pre-evo
497,ジャローダ,75,75,95,75,95,113,くさ,,528,normal,SV,
498,ポカブ,65,63,45,45,45,45,ほのお,,308,normal,SV,pre-evo
499,チャオブー,90,93,55,70,55,55,ほのお,かくとう,418,normal,SV,pre-evo
500,メガエンブオー,110,148,75,110,110,75,ほのお,かくとう,628,mega,,
500,エンブオー,110,123,65,100,65,65,ほのお,かくとう,528,normal,SV,
501,ミジュマル,55,55,45,63,45,45,みず,,308,normal,SV,pre-evo
502,フタチマル,75,75,60,83,60,60,みず,,413,normal,SV,pre-evo
503,ダイケンキ,95,100,85,108,70,70,みず,,528,normal,SV,
503,ダイケンキ(ヒスイ),90,108,80,100,65,85,みず,あく,528,normal,SV,
522,シママ,45,60,32,50,32,76,でんき,,295,normal,SV,pre-evo
523,ゼブライカ,75,100,63,80,63,116,でんき,,497,normal,SV,
529,モグリュー,60,85,40,30,45,68,じめん,,328,normal,SV,pre-evo
530,ドリュウズ,110,135,60,50,65,88,じめん,はがね,508,normal,SV,
531,メガタブンネ,103,60,126,80,126,50,ノーマル,フェアリー,545,mega,,
532,ドッコラー,75,80,55,25,35,35,かくとう,,305,normal,SV,pre-evo
533,ドテッコツ,85,105,85,40,50,40,かくとう,,405,normal,SV,pre-evo
534,ローブシン,105,140,95,55,65,45,かくとう,,505,normal,SV,
540,クルミル,45,53,70,40,60,42,むし,くさ,310,normal,SV,pre-evo
541,クルマユ,55,63,90,50,80,42,むし,くさ,380,normal,SV,pre-evo
542,ハハコモリ,75,103,80,70,80,92,むし,くさ,500,normal,SV,
546,モンメン,40,27,60,37,50,66,くさ,フェアリー,280,normal,SV,pre-evo
547,エルフーン,60,67,85,77,75,116,くさ,フェアリー,480,normal,SV,
548,チュリネ,45,35,50,70,50,30,くさ,,280,normal,SV,pre-evo
549,ドレディア,70,60,75,110,75,90,くさ,,480,normal,SV,
549,ドレディア(ヒスイ),70,105,75,50,75,105,くさ,かくとう,480,normal,SV,
550,バスラオ,70,92,65,80,55,98,みず,,460,normal,SV,
551,メグロコ,50,72,35,35,35,65,じめん,あく,292,normal,SV,pre-evo
552,ワルビル,60,82,45,45,45,74,じめん,あく,351,normal,SV,pre-evo
553,ワルビアル,95,117,80,65,70,92,じめん,あく,519,normal,SV,
559,ズルッグ,50,75,70,35,70,48,あく,かくとう,348,normal,SV,pre-evo
560,ズルズキン,65,90,115,45,115,58,あく,かくとう,488,normal,SV,
570,ゾロア,40,65,40,80,40,65,あく,,330,normal,SV,pre-evo
570,ゾロア(ヒスイ),35,60,40,85,40,70,ノーマル,ゴースト,330,normal,SV,pre-evo
571,ゾロアーク,60,105,60,120,60,105,あく,,510,normal,SV,
571,ゾロアーク(ヒスイ),55,100,60,125,60,110,ノーマル,ゴースト,510,normal,SV,
572,チラーミィ,55,50,40,40,40,75,ノーマル,,300,normal,SV,pre-evo
573,チラチーノ,75,95,60,65,60,115,ノーマル,,470,normal,SV,
574,ゴチム,45,30,50,55,65,45,エスパー,,290,normal,SV,pre-evo
575,ゴチミル,60,45,70,75,85,55,エスパー,,390,normal,SV,pre-evo
576,ゴチルゼル,70,55,95,95,110,65,エスパー,,490,normal,SV,
577,ユニラン,45,30,40,105,50,20,エスパー,,290,normal,SV,pre-evo
578,ダブラン,65,40,50,125,60,30,エスパー,,370,normal,SV,pre-evo
579,ランクルス,110,65,75,125,85,30,エスパー,,490,normal,SV,
580,コアルヒー,62,44,50,44,50,55,みず,ひこう,305,normal,SV,pre-evo
581,スワンナ,75,87,63,87,63,98,みず,ひこう,473,normal,SV,
585,シキジカ,60,60,50,40,50,75,ノーマル,くさ,335,normal,SV,pre-evo
586,メブキジカ,80,100,70,60,70,95,ノーマル,くさ,475,normal,SV,
590,タマゲタケ,69,55,45,55,55,15,くさ,どく,294,normal,SV,pre-evo
591,モロバレル,114,85,70,85,80,30,くさ,どく,464,normal,SV,
594,ママンボウ,165,75,80,40,45,65,みず,,470,normal,SV,
595,バチュル,50,47,50,57,50,65,むし,でんき,319,normal,SV,pre-evo
596,デンチュラ,70,77,60,97,60,108,むし,でんき,472,normal,SV,
602,シビシラス,35,55,40,45,40,60,でんき,,275,normal,SV,pre-evo
603,シビビール,65,85,70,75,70,40,でんき,,405,normal,SV,pre-evo
604,シビルドン,85,115,80,105,80,50,でんき,,515,normal,SV,
607,ヒトモシ,50,30,55,65,55,20,ゴースト,ほのお,275,normal,SV,pre-evo
608,ランプラー,60,40,60,95,60,55,ゴースト,ほのお,370,normal,SV,pre-evo
609,シャンデラ,60,55,90,145,90,80,ゴースト,ほのお,520,normal,SV,
610,キバゴ,46,87,60,30,40,57,ドラゴン,,320,normal,SV,pre-evo
611,オノンド,66,117,70,40,50,67,ドラゴン,,410,normal,SV,pre-evo
612,オノノクス,76,147,90,60,70,97,ドラゴン,,540,normal,SV,
613,クマシュン,55,70,40,60,40,40,こおり,,305,normal,SV,pre-evo
614,ツンベアー,95,130,80,70,80,50,こおり,,505,normal,SV,
615,フリージオ,80,50,50,95,135,105,こおり,,515,normal,SV,
619,コジョフー,45,85,50,55,50,65,かくとう,,350,normal,SV,pre-evo
620,コジョンド,65,125,60,95,60,105,かくとう,,510,normal,SV,
622,ゴビット,59,74,50,35,50,35,じめん,ゴースト,303,normal,SV,pre-evo
623,ゴルーグ,89,124,80,55,80,55,じめん,ゴースト,483,normal,SV,
624,コマタナ,45,85,70,40,40,60,あく,はがね,340,normal,SV,pre-evo
625,キリキザン,65,125,100,60,70,70,あく,はがね,490,normal,SV,pre-evo
627,ワシボン,70,83,50,37,50,60,ノーマル,ひこう,350,normal,SV,pre-evo
628,ウォーグル,100,123,75,57,75,80,ノーマル,ひこう,510,normal,SV,
628,ウォーグル(ヒスイ),110,83,70,112,70,65,エスパー,ひこう,510,normal,SV,
629,バルチャイ,70,55,75,45,65,60,あく,ひこう,370,normal,SV,pre-evo
630,バルジーナ,110,65,105,55,95,80,あく,ひこう,510,normal,SV,
633,モノズ,52,65,50,45,50,38,あく,ドラゴン,300,normal,SV,pre-evo
634,ジヘッド,72,85,70,65,70,58,あく,ドラゴン,420,normal,SV,pre-evo
635,サザンドラ,92,105,90,125,90,98,あく,ドラゴン,600,normal,SV,
636,メラルバ,55,85,55,50,55,60,むし,ほのお,360,normal,SV,pre-evo
637,ウルガモス,85,60,65,135,105,100,むし,ほのお,550,normal,SV,
638,コバルオン,91,90,129,90,72,108,はがね,かくとう,580,semi-legend,SV,
639,テラキオン,91,129,90,72,90,108,いわ,かくとう,580,semi-legend,SV,
640,ビリジオン,91,90,72,90,129,108,くさ,かくとう,580,semi-legend,SV,
641,トルネロス(けしんフォルム),79,115,70,125,80,111,ひこう,,580,semi-legend,SV,
641,トルネロス(れいじゅうフォルム),79,100,80,110,90,121,ひこう,,580,semi-legend,SV,
642,ボルトロス(けしんフォルム),79,115,70,125,80,111,でんき,ひこう,580,semi-legend,SV,
642,ボルトロス(れいじゅうフォルム),79,105,70,145,80,101,でんき,ひこう,580,semi-legend,SV,
643,レシラム,100,120,100,150,120,90,ドラゴン,ほのお,680,legend,SV,
644,ゼクロム,100,150,120,120,100,90,ドラゴン,でんき,680,legend,SV,
645,ランドロス(けしんフォルム),89,125,90,115,80,101,じめん,ひこう,600,semi-legend,SV,
645,ランドロス(れいじゅうフォルム),89,145,90,105,80,91,じめん,ひこう,600,semi-legend,SV,
646,キュレム,125,130,90,130,90,95,ドラゴン,こおり,660,legend,SV,
646,ホワイトキュレム,125,120,90,170,100,95,ドラゴン,こおり,700,legend,SV,
646,ブラックキュレム,125,170,100,120,90,95,ドラゴン,こおり,700,legend,SV,
647,ケルディオ(いつものすがた),91,72,90,129,90,108,みず,かくとう,580,mythical,SV,
647,ケルディオ(かくごのすがた),91,72,90,129,90,108,みず,かくとう,580,mythical,SV,
648,メロエッタ(ボイスフォルム),100,77,77,128,128,90,ノーマル,エスパー,600,mythical,SV,
648,メロエッタ(ステップフォルム),100,128,90,77,77,128,ノーマル,かくとう,600,mythical,SV,
650,ハリマロン,56,61,65,48,45,38,くさ,,313,normal,SV,pre-evo
651,ハリボーグ,61,78,95,56,58,57,くさ,,405,normal,SV,pre-evo
652,ブリガロン,88,107,122,74,75,64,くさ,かくとう,530,normal,SV,
653,フォッコ,40,45,40,62,60,60,ほのお,,307,normal,SV,pre-evo
654,メガマフォクシー,151,80,93,211,145,204,ほのお,エスパー,884,mega,,
654,テールナー,59,59,58,90,70,73,ほのお,,409,normal,SV,pre-evo
655,マフォクシー,75,69,72,114,100,104,ほのお,エスパー,534,normal,SV,
656,ケロマツ,41,56,40,62,44,71,みず,,314,normal,SV,pre-evo
657,ゲコガシラ,54,63,52,83,56,97,みず,,405,normal,SV,pre-evo
658,メガゲッコウガ,72,125,77,133,81,142,みず,あく,630,mega,,
658,ゲッコウガ,72,95,67,103,71,122,みず,あく,530,normal,SV,
661,ヤヤコマ,45,50,43,40,38,62,ノーマル,ひこう,278,normal,SV,pre-evo
662,ヒノヤコマ,62,73,55,56,52,84,ほのお,ひこう,382,normal,SV,pre-evo
663,ファイアロー,78,81,71,74,69,126,ほのお,ひこう,499,normal,SV,
664,コフキムシ,38,35,40,27,25,35,むし,,200,normal,SV,pre-evo
665,コフーライ,45,22,60,27,30,29,むし,,213,normal,SV,pre-evo
666,ビビヨン,80,52,50,90,50,89,むし,ひこう,411,normal,SV,
667,シシコ,62,50,58,73,54,72,ほのお,ノーマル,369,normal,SV,pre-evo
668,カエンジシ,86,68,72,109,66,106,ほのお,ノーマル,507,normal,SV,
669,フラベベ,44,38,39,61,79,42,フェアリー,,303,normal,SV,pre-evo
670,メガフラエッテ,74,85,87,155,148,102,フェアリー,,651,mega,,
670,フラエッテ,54,45,47,75,98,52,フェアリー,,371,normal,SV,pre-evo
671,フラージェス,78,65,68,112,154,75,フェアリー,,552,normal,SV,
672,メェークル,66,65,48,62,57,52,くさ,,350,normal,SV,pre-evo
673,ゴーゴート,123,100,62,97,81,68,くさ,,531,normal,SV,
677,ニャスパー,62,48,54,63,60,68,エスパー,,355,normal,SV,pre-evo
678,ニャオニクス,74,48,76,83,81,104,エスパー,,466,normal,SV,
686,マーイーカ,53,54,53,37,46,45,あく,エスパー,288,normal,SV,pre-evo
687,カラマネロ,86,92,88,68,75,73,あく,エスパー,482,normal,SV,
690,クズモー,50,60,60,60,60,30,どく,みず,320,normal,SV,pre-evo
691,ドラミドロ,65,75,90,97,123,44,どく,ドラゴン,494,normal,SV,
692,ウデッポウ,50,53,62,58,63,44,みず,,330,normal,SV,pre-evo
693,ブロスター,71,73,88,120,89,59,みず,,500,normal,SV,
700,ニンフィア,95,65,65,110,130,60,フェアリー,,525,normal,SV,
701,ルチャブル,78,92,75,74,63,118,かくとう,ひこう,500,normal,SV,
702,デデンネ,67,58,57,81,67,101,でんき,フェアリー,431,normal,SV,
703,メレシー,50,50,150,50,150,50,いわ,フェアリー,500,normal,SV,
704,ヌメラ,45,50,35,55,75,40,ドラゴン,,300,normal,SV,pre-evo
705,ヌメイル,68,75,53,83,113,60,ドラゴン,,452,normal,SV,pre-evo
705,ヌメイル(ヒスイ),58,75,83,83,113,40,はがね,ドラゴン,452,normal,SV,pre-evo
706,ヌメルゴン,90,100,70,110,150,80,ドラゴン,,600,normal,SV,
706,ヌメルゴン(ヒスイ),80,100,100,110,150,60,はがね,ドラゴン,600,normal,SV,
707,クレッフィ,57,80,91,80,87,75,はがね,フェアリー,470,normal,SV,
708,ボクレー,43,70,48,50,60,38,ゴースト,くさ,309,normal,SV,pre-evo
709,オーロット,85,110,76,65,82,56,ゴースト,くさ,474,normal,SV,
712,カチコール,55,69,85,32,35,28,こおり,,304,normal,SV,pre-evo
713,クレベース,95,117,184,44,46,28,こおり,,514,normal,SV,
713,クレベース(ヒスイ),95,127,184,34,36,38,こおり,いわ,514,normal,SV,
714,オンバット,40,30,35,45,40,55,ひこう,ドラゴン,245,normal,SV,pre-evo
715,オンバーン,85,70,80,97,80,123,ひこう,ドラゴン,535,normal,SV,
719,メガディアンシー,50,160,110,160,110,110,いわ,フェアリー,700,mega,,
719,ディアンシー,50,100,150,100,150,50,いわ,フェアリー,600,mythical,SV,
720,いましめられしフーパ,80,110,60,150,130,70,エスパー,ゴースト,600,mythical,SV,
720,ときはなたれしフーパ,80,160,60,170,130,80,エスパー,あく,680,mythical,SV,
721,ボルケニオン,80,110,120,130,90,70,ほのお,みず,600,mythical,SV,
722,モクロー,68,55,55,50,50,42,くさ,ひこう,320,normal,SV,pre-evo
723,フクスロー,78,75,75,70,70,52,くさ,ひこう,420,normal,SV,pre-evo
724,ジュナイパー,78,107,75,100,100,70,くさ,ゴースト,530,normal,SV,
724,ジュナイパー(ヒスイ),88,112,80,95,95,60,くさ,かくとう,530,normal,SV,
725,ニャビー,45,65,40,60,40,70,ほのお,,320,normal,SV,pre-evo
726,ニャヒート,65,85,50,80,50,90,ほのお,,420,normal,SV,pre-evo
727,ガオガエン,95,115,90,80,90,60,ほのお,あく,530,normal,SV,
728,アシマリ,50,54,54,66,56,40,みず,,320,normal,SV,pre-evo
729,オシャマリ,60,69,69,91,81,50,みず,,420,normal,SV,pre-evo
730,アシレーヌ,80,74,74,126,116,60,みず,フェアリー,530,normal,SV,
731,ツツケラ,35,75,30,30,30,65,ノーマル,ひこう,265,normal,SV,pre-evo
732,ケララッパ,55,85,50,40,50,75,ノーマル,ひこう,355,normal,SV,pre-evo
733,ドデカバシ,80,120,75,75,75,60,ノーマル,ひこう,485,normal,SV,
734,ヤングース,48,70,30,30,30,45,ノーマル,,253,normal,SV,pre-evo
735,デカグース,88,110,60,55,60,45,ノーマル,,418,normal,SV,
736,アゴジムシ,47,62,45,55,45,46,むし,,300,normal,SV,pre-evo
737,デンヂムシ,57,82,95,55,75,36,むし,でんき,400,normal,SV,pre-evo
738,クワガノン,77,70,90,145,75,43,むし,でんき,500,normal,SV,
739,マケンカニ,47,82,57,42,47,63,かくとう,,338,normal,SV,pre-evo
740,メガケケンカニ,97,157,122,62,107,33,かくとう,こおり,578,mega,,
740,ケケンカニ,97,132,77,62,67,43,かくとう,こおり,478,normal,SV,
741,オドリドリ(めらめらスタイル),75,70,70,98,70,93,ほのお,ひこう,476,normal,SV,
741,オドリドリ(ぱちぱちスタイル),75,70,70,98,70,93,でんき,ひこう,476,normal,SV,
741,オドリドリ(ふらふらスタイル),75,70,70,98,70,93,エスパー,ひこう,476,normal,SV,
741,オドリドリ(まいまいスタイル),75,70,70,98,70,93,ゴースト,ひこう,476,normal,SV,
742,アブリー,40,45,40,55,40,84,むし,フェアリー,304,normal,SV,pre-evo
743,アブリボン,60,55,60,95,70,124,むし,フェアリー,464,normal,SV,
744,イワンコ,45,65,40,30,40,60,いわ,,280,normal,SV,pre-evo
745,ルガルガン(まひるのすがた),75,115,65,55,65,112,いわ,,487,normal,SV,
745,ルガルガン(まよなかのすがた),85,115,75,55,75,82,いわ,,487,normal,SV,
745,ルガルガン(たそがれのすがた),75,117,65,55,65,110,いわ,,487,normal,SV,
747,ヒドイデ,50,53,62,43,52,45,どく,みず,305,normal,SV,pre-evo
748,ドヒドイデ,50,63,152,53,142,35,どく,みず,495,normal,SV,
749,ドロバンコ,70,100,70,45,55,45,じめん,,385,normal,SV,pre-evo
750,バンバドロ,100,125,100,55,85,35,じめん,,500,normal,SV,
751,シズクモ,38,40,52,40,72,27,みず,むし,269,normal,SV,pre-evo
752,オニシズクモ,68,70,92,50,132,42,みず,むし,454,normal,SV,
753,カリキリ,40,55,35,50,35,35,くさ,,250,normal,SV,pre-evo
754,ラランテス,70,105,90,80,90,45,くさ,,480,normal,SV,
757,ヤトウモリ,48,44,40,71,40,77,どく,ほのお,320,normal,SV,pre-evo
758,エンニュート,68,64,60,111,60,117,どく,ほのお,480,normal,SV,
761,アマカジ,42,30,38,30,38,32,くさ,,210,normal,SV,pre-evo
762,アママイコ,52,40,48,40,48,62,くさ,,290,normal,SV,pre-evo
763,アマージョ,72,120,98,50,98,72,くさ,,510,normal,SV,
764,キュワワー,51,52,90,82,110,100,フェアリー,,485,normal,SV,
765,ヤレユータン,90,60,80,90,110,60,ノーマル,エスパー,490,normal,SV,
766,ナゲツケサル,100,120,90,40,60,80,かくとう,,490,normal,SV,
769,スナバァ,55,55,80,70,45,15,ゴースト,じめん,320,normal,SV,pre-evo
770,シロデスナ,85,75,110,100,75,35,ゴースト,じめん,480,normal,SV,
774,メテノ(りゅうせい),60,60,100,60,100,60,いわ,ひこう,440,normal,SV,
774,メテノ(コア),60,100,60,100,60,120,いわ,ひこう,500,normal,SV,
775,ネッコアラ,65,115,65,75,95,65,ノーマル,,480,normal,SV,
778,ミミッキュ,55,90,80,50,105,96,ゴースト,フェアリー,476,normal,SV,
779,ハギギシリ,68,105,70,70,70,92,みず,エスパー,475,normal,SV,
782,ジャラコ,45,55,65,45,45,45,ドラゴン,,300,normal,SV,pre-evo
783,ジャランゴ,55,75,90,65,70,65,ドラゴン,かくとう,420,normal,SV,pre-evo
784,ジャラランガ,75,110,125,100,105,85,ドラゴン,かくとう,600,normal,SV,
789,コスモッグ,43,29,31,29,31,37,エスパー,,200,legend,SV,pre-evo
790,コスモウム,43,29,131,29,131,37,エスパー,,400,legend,SV,pre-evo
791,ソルガレオ,137,137,107,113,89,97,エスパー,はがね,680,legend,SV,
792,ルナアーラ,137,113,89,137,107,97,エスパー,ゴースト,680,legend,SV,
800,ネクロズマ,97,107,101,127,89,79,エスパー,,600,legend,SV,
800,日食ネクロズマ,97,157,127,113,109,77,エスパー,はがね,680,legend,SV,
800,月食ネクロズマ,97,113,109,157,127,77,エスパー,ゴースト,680,legend,SV,
801,マギアナ,80,95,115,130,115,65,はがね,フェアリー,600,mythical,SV,
810,サルノリ,50,65,50,40,40,65,くさ,,310,normal,SV,pre-evo
811,バチンキー,70,85,70,55,60,80,くさ,,420,normal,SV,pre-evo
812,ゴリランダー,100,125,90,60,70,85,くさ,,530,normal,SV,
813,ヒバニー,50,71,40,40,40,69,ほのお,,310,normal,SV,pre-evo
814,ラビフット,65,86,60,55,60,94,ほのお,,420,normal,SV,pre-evo
815,エースバーン,80,116,75,65,75,119,ほのお,,530,normal,SV,
816,メッソン,50,40,40,70,40,70,みず,,310,normal,SV,pre-evo
817,ジメレオン,65,60,55,95,55,90,みず,,420,normal,SV,pre-evo
818,インテレオン,70,85,65,125,65,120,みず,,530,normal,SV,
819,ホシガリス,70,55,55,35,35,25,ノーマル,,275,normal,SV,pre-evo
820,ヨクバリス,120,95,95,55,75,20,ノーマル,,460,normal,SV,
821,ココガラ,38,47,35,33,35,57,ひこう,,245,normal,SV,pre-evo
822,アオガラス,68,67,55,43,55,77,ひこう,,365,normal,SV,pre-evo
823,アーマーガア,98,87,105,53,85,67,ひこう,はがね,495,normal,SV,
833,カムカメ,50,64,50,38,38,44,みず,,284,normal,SV,pre-evo
834,カジリガメ,90,115,90,48,68,74,みず,いわ,485,normal,SV,
837,タンドン,30,40,50,40,50,30,いわ,,240,normal,SV,pre-evo
838,トロッゴン,80,60,90,60,70,50,いわ,ほのお,410,normal,SV,pre-evo
839,セキタンザン,110,80,120,80,90,30,いわ,ほのお,510,normal,SV,
840,カジッチュ,40,40,80,40,40,20,くさ,ドラゴン,260,normal,SV,pre-evo
841,アップリュー,70,110,80,95,60,70,くさ,ドラゴン,485,normal,SV,
842,タルップル,110,85,80,100,80,30,くさ,ドラゴン,485,normal,SV,
843,スナヘビ,52,57,75,35,50,46,じめん,,315,normal,SV,pre-evo
844,サダイジャ,72,107,125,65,70,71,じめん,,510,normal,SV,
845,ウッウ,70,85,55,85,95,85,ひこう,みず,475,normal,SV,
846,サシカマス,41,63,40,40,30,66,みず,,280,normal,SV,pre-evo
847,カマスジョー,61,123,60,60,50,136,みず,,490,normal,SV,
848,エレズン,40,38,35,54,35,40,でんき,どく,242,normal,SV,pre-evo
849,ストリンダー,75,98,70,114,70,75,でんき,どく,502,normal,SV,
854,ヤバチャ,40,45,45,74,54,50,ゴースト,,308,normal,SV,pre-evo
855,ポットデス,60,65,65,134,114,70,ゴースト,,508,normal,SV,
856,ミブリム,42,30,45,56,53,39,エスパー,,265,normal,SV,pre-evo
857,テブリム,57,40,65,86,73,49,エスパー,,370,normal,SV,pre-evo
858,ブリムオン,57,90,95,136,103,29,エスパー,フェアリー,510,normal,SV,
859,ベロバー,45,45,30,55,40,50,あく,フェアリー,265,normal,SV,pre-evo
860,ギモー,65,60,45,75,55,70,あく,フェアリー,370,normal,SV,pre-evo
861,オーロンゲ,95,120,65,95,75,60,あく,フェアリー,510,normal,SV,
863,ニャイキング,70,110,100,50,60,50,はがね,,440,normal,SV,
868,マホミル,45,40,40,50,61,34,フェアリー,,270,normal,SV,pre-evo
869,マホイップ,65,60,75,110,121,64,フェアリー,,495,normal,SV,
870,タイレーツ,65,100,100,70,60,75,かくとう,,470,normal,SV,
871,バチンウニ,48,101,95,91,85,15,でんき,,435,normal,SV,
872,ユキハミ,30,25,35,45,30,20,こおり,むし,185,normal,SV,pre-evo
873,モスノウ,70,65,60,125,90,65,こおり,むし,475,normal,SV,
874,イシヘンジン,100,125,135,20,20,70,いわ,,470,normal,SV,
875,コオリッポ(アイスフェイス),75,80,110,65,90,50,こおり,,470,normal,SV,
875,コオリッポ(ナイスフェイス),75,80,70,65,50,130,こおり,,470,normal,SV,
876,イエッサン(オス),60,65,55,105,95,95,エスパー,ノーマル,475,normal,SV,
876,イエッサン(メス),70,55,65,95,105,85,エスパー,ノーマル,475,normal,SV,
877,モルペコ,58,95,58,70,58,97,でんき,あく,436,normal,SV,
878,ゾウドウ,72,80,49,40,49,40,はがね,,330,normal,SV,pre-evo
879,ダイオウドウ,122,130,69,80,69,30,はがね,,500,normal,SV,
884,ジュラルドン,70,95,115,120,50,85,はがね,ドラゴン,535,normal,SV,
885,ドラメシヤ,28,60,30,40,30,82,ドラゴン,ゴースト,270,normal,SV,pre-evo
886,ドロンチ,68,80,50,60,50,102,ドラゴン,ゴースト,410,normal,SV,pre-evo
887,ドラパルト,88,120,75,100,75,142,ドラゴン,ゴースト,600,normal,SV,
888,ザシアン(れきせんのゆうしゃ),92,120,115,80,115,138,フェアリー,,660,legend,SV,
888,ザシアン(けんのおう),92,150,115,80,115,148,フェアリー,はがね,700,legend,SV,
889,ザマゼン(れきせんのゆうしゃ),92,120,115,80,115,138,かくとう,,660,legend,SV,
889,ザマゼンタ(たてのおう),92,120,140,80,140,128,かくとう,はがね,700,legend,SV,
890,ムゲンダイナ,140,85,95,145,95,130,どく,ドラゴン,690,legend,SV,
891,ダクマ,60,90,60,53,50,72,かくとう,,385,legend,SV,
892,ウーラオス(いちげきのかた),100,130,100,63,60,97,かくとう,あく,550,legend,SV,
892,ウーラオス(れんげきのかた),100,130,100,63,60,97,かくとう,みず,550,legend,SV,
893,ザルード,105,120,105,70,95,105,あく,くさ,600,mythical,SV,
894,レジエレキ,80,100,50,100,50,200,でんき,,580,semi-legend,SV,
895,レジドラゴ,200,100,50,100,50,80,ドラゴン,,580,semi-legend,SV,
896,ブリザポス,100,145,130,65,110,30,こおり,,580,semi-legend,SV,
897,レイスポス,100,65,60,145,80,130,ゴースト,,580,semi-legend,SV,
898,バドレックス,100,80,80,80,80,80,エスパー,くさ,500,legend,SV,
898,バドレックス(はくばじょうのすがた),100,165,150,85,130,50,エスパー,こおり,680,legend,SV,
898,バドレックス(こくばじょうのすがた),100,85,80,165,100,150,エスパー,ゴースト,680,legend,SV,
899,アヤシシ,103,105,72,105,75,65,ノーマル,エスパー,525,normal,SV,
900,バサギリ,70,135,95,45,70,85,むし,いわ,500,normal,SV,
901,ガチグマ,130,140,105,45,80,50,じめん,ノーマル,550,normal,SV,
901,暁ガチグマ,113,70,120,135,65,52,じめん,ノーマル,555,normal,SV,
902,イダイトウ(オス),120,112,65,80,75,78,みず,ゴースト,530,normal,SV,
902,イダイトウ(メス),120,92,65,100,75,78,みず,ゴースト,530,normal,SV,
903,オオニューラ,80,130,60,40,80,120,かくとう,どく,510,normal,SV,
904,ハリーマン,85,115,95,65,65,85,あく,どく,510,normal,SV,
905,ラブトロス(けしんフォルム),74,115,70,135,80,106,フェアリー,ひこう,580,semi-legend,SV,
905,ラブトロス(れいじゅうフォルム),74,115,110,135,100,46,フェアリー,ひこう,580,semi-legend,SV,
906,ニャオハ,40,61,54,45,45,65,くさ,,310,normal,SV,pre-evo
907,ニャローテ,61,80,63,60,63,83,くさ,,410,normal,SV,pre-evo
908,マスカーニャ,76,110,70,81,70,123,くさ,あく,530,normal,SV,
909,ホゲータ,67,45,59,63,40,36,ほのお,,310,normal,SV,pre-evo
910,アチゲータ,81,55,78,90,58,49,ほのお,,411,normal,SV,pre-evo
911,ラウドボーン,104,75,100,110,75,66,ほのお,ゴースト,530,normal,SV,
912,クワッス,55,65,45,50,45,50,みず,,310,normal,SV,pre-evo
913,ウェルカモ,70,85,65,65,60,65,みず,,410,normal,SV,pre-evo
914,ウェーニバル,85,120,80,85,75,85,みず,かくとう,530,normal,SV,
915,グルトン,54,45,40,35,45,35,ノーマル,,254,normal,SV,pre-evo
916,"パフュートン
(オス)",110,100,75,59,80,65,ノーマル,,489,normal,SV,
916,"パフュートン
(メス)",115,90,70,59,90,65,ノーマル,,489,normal,SV,
917,タマンチュラ,35,41,45,29,40,20,むし,,210,normal,SV,pre-evo
918,ワナイダー,60,79,92,52,86,35,むし,,404,normal,SV,
919,マメバッタ,33,46,40,21,25,45,むし,,210,normal,SV,pre-evo
920,エクスレッグ,71,102,78,52,55,92,むし,あく,450,normal,SV,
921,パモ,45,50,20,40,25,60,でんき,,240,normal,SV,pre-evo
922,パモット,60,75,40,50,40,85,でんき,かくとう,350,normal,SV,pre-evo
923,パーモット,70,115,70,70,60,105,でんき,かくとう,490,normal,SV,
924,ワッカネズミ,50,50,45,40,45,75,ノーマル,,305,normal,SV,pre-evo
925,イッカネズミ,74,75,70,65,75,111,ノーマル,,470,normal,SV,
926,パピモッチ,37,55,70,30,55,65,フェアリー,,312,normal,SV,pre-evo
927,バウッツェル,57,80,115,50,80,95,フェアリー,,477,normal,SV,
928,ミニーブ,41,35,45,58,51,30,くさ,ノーマル,260,normal,SV,pre-evo
929,オリーニョ,52,53,60,78,78,33,くさ,ノーマル,354,normal,SV,pre-evo
930,オリーヴァ,78,69,90,125,109,39,くさ,ノーマル,510,normal,SV,
931,イキリンコ,82,96,51,45,51,92,ノーマル,ひこう,417,normal,SV,
932,コジオ,55,55,75,35,35,25,いわ,,280,normal,SV,pre-evo
933,ジオヅム,60,60,100,35,65,35,いわ,,355,normal,SV,pre-evo
934,キョジオーン,100,100,130,45,90,35,いわ,,500,normal,SV,
935,カルボウ,40,50,40,50,40,35,ほのお,,255,normal,SV,pre-evo
936,グレンアルマ,85,60,100,125,80,75,ほのお,エスパー,525,normal,SV,
937,ソウブレイズ,75,125,80,60,100,85,ほのお,ゴースト,525,normal,SV,
938,ズピカ,61,31,41,59,35,45,でんき,,272,normal,SV,pre-evo
939,ハラバリー,109,64,91,103,83,45,でんき,,495,normal,SV,
940,カイデン,40,40,35,55,40,70,でんき,ひこう,280,normal,SV,pre-evo
941,タイカイデン,70,70,60,105,60,125,でんき,ひこう,490,normal,SV,
942,オラチフ,60,78,60,40,51,51,あく,,340,normal,SV,pre-evo
943,マフィティフ,80,120,90,60,70,85,あく,,505,normal,SV,
944,シルシュルー,40,65,35,40,35,75,どく,ノーマル,290,normal,SV,pre-evo
945,タギングル,63,95,65,80,72,110,どく,ノーマル,485,normal,SV,
946,アノクサ,40,65,30,45,35,60,くさ,ゴースト,275,normal,SV,pre-evo
947,アノホラグサ,55,115,70,80,70,90,くさ,ゴースト,480,normal,SV,
948,ノノクラゲ,40,40,35,50,100,70,じめん,くさ,335,normal,SV,pre-evo
949,リククラゲ,80,70,65,80,120,100,じめん,くさ,515,normal,SV,
950,ガケガニ,70,100,115,35,55,75,いわ,,450,normal,SV,
951,カプサイジ,50,62,40,62,40,50,くさ,,304,normal,SV,pre-evo
952,スコヴィラン,65,108,65,108,65,75,くさ,ほのお,486,normal,SV,
953,シガロコ,41,50,60,31,58,30,むし,,270,normal,SV,pre-evo
954,ベラカス,75,50,85,115,100,45,むし,エスパー,470,normal,SV,
955,ヒラヒナ,30,35,30,55,30,75,エスパー,,255,normal,SV,pre-evo
956,クエスパトラ,95,60,60,101,60,105,エスパー,,481,normal,SV,
957,カヌチャン,50,45,45,35,64,58,フェアリー,はがね,297,normal,SV,pre-evo
958,ナカヌチャン,65,55,55,45,82,78,フェアリー,はがね,380,normal,SV,pre-evo
959,デカヌチャン,85,75,77,70,105,94,フェアリー,はがね,506,normal,SV,
960,ウミディグダ,10,55,25,35,25,95,みず,,245,normal,SV,pre-evo
961,ウミトリオ,35,100,50,50,70,120,みず,,425,normal,SV,
962,オトシドリ,70,103,85,60,85,82,ひこう,あく,485,normal,SV,
963,ナミイルカ,70,45,40,45,40,75,みず,,315,normal,SV,pre-evo
964,イルカマン(ナイーブフォルム),100,70,72,53,62,100,みず,,457,normal,SV,
964,イルカマン(マイティフォルム),100,160,97,106,87,100,みず,,650,normal,SV,
965,ブロロン,45,70,63,30,45,47,はがね,どく,300,normal,SV,pre-evo
966,ブロロローム,80,119,90,54,67,90,はがね,どく,500,normal,SV,
967,モトトカゲ,70,95,65,85,65,121,ドラゴン,ノーマル,501,normal,SV,
968,ミミズズ,70,85,145,60,55,65,はがね,,480,normal,SV,
969,キラーメ,48,35,42,105,60,60,いわ,どく,350,normal,SV,pre-evo
970,キラフロル,83,55,90,130,81,86,いわ,どく,525,normal,SV,
971,ボチ,50,61,60,30,55,34,ゴースト,,290,normal,SV,pre-evo
972,ハカドッグ,72,101,100,50,97,68,ゴースト,,488,normal,SV,
973,カラミンゴ,82,115,74,75,64,90,ひこう,かくとう,500,normal,SV,
974,アルクジラ,108,68,45,30,40,43,こおり,,334,normal,SV,pre-evo
975,ハルクジラ,170,113,65,45,55,73,こおり,,521,normal,SV,
976,ミガルーサ,90,102,73,78,65,70,みず,エスパー,478,normal,SV,
977,ヘイラッシャ,150,100,115,65,65,35,みず,,530,normal,SV,
978,シャリタツ,68,50,60,120,95,82,ドラゴン,みず,475,normal,SV,
979,コノヨザル,110,115,80,50,90,90,かくとう,ゴースト,535,normal,SV,
980,ドオー,130,75,60,45,100,20,どく,じめん,430,normal,SV,
981,リキキリン,120,90,70,110,70,60,ノーマル,エスパー,520,normal,SV,
982,ノココッチ,125,100,80,85,75,55,ノーマル,,520,normal,SV,
983,ドドゲザン,100,135,120,60,85,50,あく,はがね,550,normal,SV,
984,イダイナキバ,115,131,131,53,53,87,じめん,かくとう,570,paradox,SV,
985,サケブシッポ,115,65,99,65,115,111,フェアリー,エスパー,570,paradox,SV,
986,アラブルタケ,111,127,99,79,99,55,くさ,あく,570,paradox,SV,
987,ハバタクカミ,55,55,55,135,135,135,ゴースト,フェアリー,570,paradox,SV,
988,チヲハウハネ,85,135,79,85,105,81,むし,かくとう,570,paradox,SV,
989,スナノケガワ,85,81,97,121,85,101,でんき,じめん,570,paradox,SV,
990,テツノワダチ,90,112,120,72,70,106,じめん,はがね,570,paradox,SV,
991,テツノツツミ,56,80,114,124,60,136,こおり,みず,570,paradox,SV,
992,テツノカイナ,154,140,108,50,68,50,かくとう,でんき,570,paradox,SV,
993,テツノコウベ,94,80,86,122,80,108,あく,ひこう,570,paradox,SV,
994,テツノドクガ,80,70,60,140,110,110,ほのお,どく,570,paradox,SV,
995,テツノイバラ,100,134,110,70,84,72,いわ,でんき,570,paradox,SV,
996,セビエ,65,75,45,35,45,55,ドラゴン,こおり,320,normal,SV,pre-evo
997,セゴール,90,95,66,45,65,62,ドラゴン,こおり,423,normal,SV,pre-evo
998,セグレイブ,115,145,92,75,86,87,ドラゴン,こおり,600,normal,SV,
999,コレクレー,45,30,70,75,70,10,ゴースト,,300,normal,SV,pre-evo
1000,サーフゴー,87,60,95,133,91,84,はがね,ゴースト,550,normal,SV,
1001,チオンジェン,85,85,100,95,135,70,あく,くさ,570,semi-legend,SV,
1002,パオジアン,80,120,80,90,65,135,あく,こおり,570,semi-legend,SV,
1003,ディンルー,155,110,125,55,80,45,あく,じめん,570,semi-legend,SV,
1004,イーユイ,55,80,80,135,120,100,あく,ほのお,570,semi-legend,SV,
1005,トドロクツキ,105,139,71,55,101,119,ドラゴン,あく,590,paradox,SV,
1006,テツノブジン,74,130,90,120,60,116,フェアリー,かくとう,590,paradox,SV,
1007,コライドン,100,135,115,85,100,135,かくとう,ドラゴン,670,legend,SV,
1008,ミライドン,100,85,100,135,115,135,でんき,ドラゴン,670,legend,SV,
1009,ウネルミナモ,99,83,91,125,83,109,みず,ドラゴン,590,para-semi-lege,SV,
1010,テツノイサハ,90,130,88,70,108,104,くさ,エスパー,590,para-semi-lege,SV,
1011,カミッチュ,80,80,110,95,80,40,くさ,ドラゴン,485,normal,SV,
1012,チャデス,40,45,45,74,54,50,くさ,ゴースト,308,normal,SV,pre-evo
1013,ヤバソチャ,71,60,106,121,80,70,くさ,ゴースト,508,normal,SV,
1014,イイネイヌ,88,128,115,58,86,80,どく,かくとう,555,semi-legend,SV,
1015,マシマシラ,88,75,66,130,90,106,どく,エスパー,555,semi-legend,SV,
1016,キチキギス,88,91,82,70,125,99,どく,フェアリー,555,semi-legend,SV,
1017,オーガポン(みどりのめん),80,120,84,60,96,110,くさ,,550,legend,SV,
1017,オーガポン(いどのめん),80,120,84,60,96,110,くさ,みず,550,legend,SV,
1017,オーガポン(かまどのめん),80,120,84,60,96,110,くさ,ほのお,550,legend,SV,
1017,オーガポン(いしずえのめん),80,120,84,60,96,110,くさ,いわ,550,legend,SV,
1018,ブリジュラス,90,105,130,125,65,85,はがね,ドラゴン,600,normal,SV,
1019,カミツオロチ,106,80,110,120,80,44,くさ,ドラゴン,540,normal,SV,
1020,ウガツホムラ,105,115,121,65,93,91,ほのお,ドラゴン,590,para-semi-lege,SV,
1021,タケルライコ,125,73,91,137,89,75,でんき,ドラゴン,590,para-semi-lege,SV,
1022,テツノイワオ,90,120,80,68,108,124,いわ,エスパー,590,para-semi-lege,SV,
1023,テツノカシラ,90,72,100,122,108,98,はがね,エスパー,590,para-semi-lege,SV,
1024,テラパゴス,90,65,85,65,85,60,ノーマル,,450,legend,SV,
1024,テラパゴス(テラスタルフォルム),95,95,110,105,110,85,ノーマル,,600,legend,SV,
1024,テラパゴス(ステラフォルム),160,105,110,130,110,85,ノーマル,,700,legend,SV,
1025,モモワロウ,88,88,160,88,88,88,どく,ゴースト,600,mythical,SV,
